time,event,released_theaters,year,runtime,action,drama,thriller,comedy,release_week,rated_pg13,rated_r,distributor_top7
0.111342778318533,1,3427,2016,103,1,1,1,0,10,1,0,1
10.6549710151244,1,102,2018,102,0,1,0,1,18,0,0,1
0.176278921201207,1,3018,2018,130,1,1,0,0,3,0,1,1
9.40662654068797,1,349,2017,106,0,0,0,1,22,1,0,1
0.228973007974901,1,2471,2017,89,0,1,1,0,24,1,0,0
1.71317087709116,1,838,2018,107,1,1,1,0,11,1,0,0
1.31272508069848,1,899,2015,121,0,1,0,0,37,1,0,0
3.25822333135913,1,115,2016,152,0,0,0,1,22,0,0,0
0.397368467063717,1,3615,2017,104,0,0,0,1,44,0,1,0
2.50146418678275,1,523,2016,98,0,1,0,1,17,0,1,0
2.09455722880715,1,384,2015,99,0,0,0,1,9,1,0,1
2.89584039949164,1,661,2017,104,0,1,0,0,39,0,0,0
0.0530191461149876,1,3589,2018,90,0,1,0,0,14,1,0,1
21.0,0,158,2015,97,0,1,0,1,49,1,0,0
0.167885402767154,1,3102,2018,117,0,0,1,1,37,0,1,1
0.0587522042358224,1,3708,2018,136,0,1,0,0,40,0,1,1
0.855431993156544,1,2139,2015,104,0,1,0,1,36,0,1,0
0.0979566056155387,1,3980,2018,109,0,0,0,0,10,0,0,1
1.49857083687636,1,355,2016,91,0,0,0,1,29,0,1,0
0.137525798120655,1,2006,2018,120,0,0,1,0,13,0,1,1
1.22578585018273,1,2032,2018,85,0,0,0,1,22,0,1,1
0.234247280330514,1,3015,2018,96,1,1,1,0,22,1,0,0
1.28899795412268,1,302,2016,158,0,1,0,0,43,0,0,0
0.103071818484756,1,3763,2016,113,0,0,0,0,21,0,0,1
0.0653540352260864,1,3772,2017,122,0,0,1,0,20,0,1,1
0.0780559205103483,1,2471,2017,139,0,1,0,0,24,0,1,1
1.76754861562929,1,846,2017,108,0,1,0,0,34,0,0,1
0.389803823429783,1,2123,2017,132,0,1,1,0,52,0,1,1
0.370056781512555,1,3160,2016,124,1,1,1,0,47,0,1,1
0.169414571008423,1,2379,2016,111,0,1,0,1,45,1,0,1
0.286727580985488,1,2815,2015,105,0,1,0,1,22,1,0,1
0.297369823386115,1,2719,2018,96,1,1,0,0,33,1,0,1
0.242323377154285,1,3705,2015,92,0,0,0,1,51,0,0,1
0.172906038708821,1,3154,2017,111,1,0,1,0,37,0,1,1
0.162126450525087,1,3031,2017,115,1,1,0,1,39,0,1,1
0.471905128193028,1,2778,2015,96,1,0,0,1,34,0,1,1
9.56529361552271,1,180,2017,98,0,0,0,0,31,0,0,0
0.0666114812748132,1,3542,2017,109,0,0,1,0,32,0,1,1
0.258610768811024,1,2112,2018,115,0,1,1,0,8,0,1,1
0.0441516717655225,1,3868,2015,117,1,0,0,1,29,1,0,1
0.0296515216775455,1,4206,2018,118,1,0,0,1,27,1,0,1
2.32437186801995,1,452,2016,120,1,1,1,0,36,0,1,0
0.0308326464076652,1,4125,2018,143,1,0,0,0,51,1,0,1
0.106791113911411,1,2442,2016,116,0,1,0,0,45,1,0,1
2.81322833704853,1,1403,2018,108,1,1,1,1,38,0,1,0
0.140682789852269,1,3326,2017,115,1,0,1,0,30,0,1,0
0.0094042467076602,1,4474,2018,149,1,0,0,0,17,1,0,1
8.14548530151328,1,123,2018,137,1,0,1,0,13,0,0,0
0.217469971746301,1,425,2017,167,1,1,0,0,17,0,0,0
0.175231239524457,1,3226,2017,113,1,1,1,0,26,0,1,1
0.104777168300632,1,3215,2016,100,0,0,0,1,30,0,1,0
1.60224514460397,1,2007,2018,110,0,0,1,0,18,0,1,0
0.639071965254935,1,2945,2016,92,0,1,0,1,47,0,1,0
0.355811360202784,1,2808,2018,141,0,1,1,0,41,0,1,1
4.59352640545145,1,156,2017,139,0,1,0,1,10,0,0,0
1.25238095238095,1,257,2015,163,1,1,0,1,29,0,0,0
0.142499245822741,1,2676,2016,111,0,1,0,1,15,1,0,1
7.29226499107203,1,1213,2017,121,0,1,0,1,39,1,0,0
0.217083894676104,1,3647,2017,116,1,0,0,1,21,0,1,1
9.66741573033708,1,651,2018,108,0,1,0,0,34,1,0,0
0.0156795248125579,1,4210,2017,129,0,0,0,0,11,0,0,1
0.59886371598529,1,2346,2017,98,0,1,0,0,9,1,0,0
3.20769908005821,1,755,2018,109,1,1,1,0,15,0,1,0
35.0,0,638,2016,119,0,1,0,0,48,0,0,0
0.241877628302779,1,3084,2016,123,1,1,0,0,33,1,0,1
42.0,0,127,2017,103,0,1,0,0,8,0,1,0
0.113982234956824,1,3188,2015,123,0,1,0,0,38,0,1,1
0.0131680920380106,1,4020,2018,134,1,0,0,0,7,1,0,1
0.722013841005332,1,2568,2015,133,1,0,1,0,3,0,1,1
0.276691379818407,1,1788,2018,135,0,1,0,1,32,0,1,0
0.0793921483070736,1,4058,2017,164,1,1,1,0,40,0,1,1
0.249313017978959,1,3121,2016,89,0,0,1,0,37,0,1,1
1.1180421745193,1,1549,2016,117,0,1,0,0,46,0,1,0
8.12633348830989,1,523,2018,95,0,1,0,1,30,0,1,1
0.128730198881721,1,3418,2018,102,0,0,0,1,14,0,1,1
0.0531587910500158,1,4000,2018,134,0,1,0,0,44,1,0,1
0.20897506091623,1,2810,2018,104,0,1,0,1,20,1,0,1
0.218402126363102,1,2537,2018,88,1,0,1,0,19,1,0,1
59.0,0,315,2017,118,0,1,0,0,43,1,0,0
0.186222444199376,1,2811,2015,142,0,1,1,0,42,1,0,1
35.0,0,200,2015,89,0,1,0,0,17,0,1,0
0.117631434601216,1,3550,2018,114,1,0,0,0,51,1,0,1
0.546501841711207,1,3003,2015,101,0,1,0,1,44,0,1,0
28.0,0,126,2015,122,0,1,0,0,50,0,1,1
17.0,0,116,2016,90,1,1,1,0,3,1,0,0
0.0132446540172539,1,4226,2016,147,1,0,0,0,18,1,0,1
1.77782652501064,1,807,2015,97,1,1,1,0,38,1,0,1
0.0510333383448072,1,4256,2017,102,0,0,0,1,24,0,0,1
0.0769772570693988,1,3508,2016,107,1,0,0,1,24,1,0,1
0.220548406846528,1,3201,2015,120,1,1,1,0,10,0,1,1
2.30119230390016,1,305,2015,127,0,1,0,1,48,0,1,0
8.68771598059411,1,510,2015,137,0,1,1,0,16,0,1,1
0.387900604349142,1,2464,2017,100,1,0,0,1,12,0,1,1
0.105103930971101,1,3602,2018,104,0,1,0,1,31,0,0,1
0.0434856439756402,1,3848,2015,105,0,1,0,0,11,0,0,1
0.0758289468815194,1,3987,2017,105,0,0,0,0,47,0,0,1
0.417590237074329,1,3528,2016,97,0,1,0,0,50,1,0,1
2.18057717564539,1,368,2016,101,1,0,0,1,13,0,1,1
0.235068341418901,1,2841,2015,123,0,1,0,0,52,1,0,1
0.199462329345018,1,3526,2018,120,0,1,0,1,33,1,0,1
0.166004750391937,1,3424,2015,133,0,1,0,0,48,1,0,1
0.086382342067164,1,3576,2018,130,0,1,0,0,47,1,0,0
0.487950072948536,1,2683,2016,113,1,0,1,0,15,0,1,1
0.190403293215359,1,2991,2015,119,0,1,1,0,42,0,1,1
2.18829312096793,1,338,2016,161,1,1,0,0,51,0,0,0
0.0211257524781775,1,3722,2016,108,1,0,0,1,6,0,1,1
0.0188556786544346,1,4349,2018,119,1,0,0,1,20,0,1,1
1.06535144271561,1,1005,2018,108,0,0,0,0,31,1,0,0
0.233593283725906,1,2882,2018,107,1,1,1,0,9,0,1,0
0.141497893874599,1,3259,2016,107,1,1,1,0,39,1,0,1
2.62754281459419,1,862,2016,108,0,0,0,0,35,0,0,0
0.177486794095085,1,2432,2018,140,1,1,1,0,3,0,1,0
0.0344764102058449,1,4535,2017,89,0,0,0,1,26,0,0,1
5.23428205746897,1,115,2018,121,1,0,0,1,7,0,1,1
7.18304122751312,1,3007,2017,143,0,1,1,0,31,0,1,0
0.495454453119852,1,3174,2017,91,0,0,0,1,20,0,0,1
1.41016992281767,1,267,2015,158,1,1,0,1,51,0,0,0
0.232750402192695,1,2912,2016,102,0,0,0,1,3,0,1,1
0.825226854862402,1,1356,2015,120,0,1,0,0,12,1,0,0
0.0306886518122339,1,3882,2016,115,1,0,0,0,44,1,0,1
1.89903599731893,1,2442,2018,113,0,1,0,1,32,0,0,0
0.420539484872774,1,2002,2015,103,0,1,0,1,25,0,1,0
0.487732312997335,1,2668,2017,135,0,1,0,0,51,0,1,1
0.0506681636068923,1,3748,2017,106,1,1,1,0,29,1,0,1
1.11774757493954,1,2494,2018,89,0,0,0,1,7,0,0,1
15.1315244633322,1,381,2016,86,0,0,0,1,16,0,1,0
0.18613672300715,1,3108,2015,104,0,1,0,1,23,0,1,1
0.435089062731141,1,3006,2015,121,1,1,1,0,39,1,0,1
0.917395001848551,1,1669,2018,97,0,1,0,0,8,1,0,0
3.52890157277028,1,333,2017,102,0,0,0,1,7,1,0,1
0.210134978101834,1,2801,2017,96,0,1,0,0,20,1,0,1
0.940342773747887,1,1719,2018,128,0,0,0,0,38,0,1,0
33.0,0,344,2015,96,0,1,0,0,27,1,0,0
0.0886299476338817,1,4004,2015,100,1,0,0,0,32,1,0,1
0.729535614104842,1,2902,2017,113,0,1,0,1,51,0,1,1
9.1145890667271,1,2233,2016,139,0,1,0,0,51,1,0,1
0.275650673414595,1,3630,2017,108,0,0,0,1,50,0,0,1
0.0466309815308671,1,3714,2017,118,0,1,0,0,6,0,1,1
0.0543246495381047,1,3768,2018,105,0,1,1,0,6,0,1,1
0.444343923974532,1,2075,2016,92,0,0,0,1,4,0,1,0
0.0330263642860823,1,3655,2015,125,0,1,1,0,7,0,1,1
0.0182660395691735,1,4305,2016,97,0,0,0,1,24,0,0,1
0.172911360449293,1,3640,2018,141,0,1,0,0,41,1,0,1
0.262716876065153,1,3185,2017,91,0,0,0,1,7,0,1,1
0.469713573360101,1,2552,2017,109,0,1,1,0,39,1,0,1
0.480234738740296,1,1528,2016,111,0,1,0,1,32,1,0,1
0.154993126829791,1,3323,2015,105,0,1,0,1,9,0,1,1
0.68380790741788,1,1423,2018,108,0,1,0,0,3,0,0,0
0.375971793092195,1,2815,2016,139,1,1,0,0,25,0,1,0
128.0,0,124,2015,113,1,1,1,0,15,1,0,0
0.0148351796703445,1,4022,2015,137,1,0,1,0,14,1,0,1
0.17869897496481,1,3502,2018,100,1,0,1,1,8,0,1,1
22.9975337567051,1,134,2016,104,0,1,0,0,23,1,0,0
17.0,0,126,2016,144,0,0,1,0,24,0,0,0
0.232312266714926,1,3246,2017,109,1,0,1,0,42,1,0,1
0.0774923055952467,1,3212,2015,100,0,0,0,1,13,0,1,1
0.130537634913909,1,3440,2017,107,1,1,1,0,13,1,0,1
0.0583799584871791,1,3963,2016,117,1,0,0,1,28,1,0,1
6.07520394289599,1,1146,2017,101,0,1,0,0,15,1,0,0
0.0854405829098328,1,2648,2017,122,0,1,0,1,29,0,1,1
1.89971781329216,1,1272,2018,111,0,1,0,0,36,0,0,0
0.209275465318765,1,3117,2016,127,1,0,0,0,8,1,0,1
0.23504778756569,1,3076,2017,96,0,0,0,1,14,1,0,1
1.27051728652156,1,2166,2017,103,0,1,0,0,48,0,1,0
0.136126837542148,1,3501,2015,103,0,0,0,1,42,0,0,1
1.70374143470134,1,503,2018,112,0,1,0,0,24,0,1,0
8.7276355171267,1,340,2016,130,0,0,0,0,34,0,0,0
5.6578698192391,1,1063,2018,130,0,1,0,1,46,1,0,1
1.01841535384259,1,2404,2018,111,1,1,0,1,10,0,1,0
0.187232994048425,1,2971,2016,139,0,1,0,0,44,0,1,1
8.91152465940487,1,2248,2016,106,0,1,0,1,5,1,0,1
0.030226977395964,1,3990,2018,106,0,0,1,0,42,0,1,1
1.59323624115779,1,2011,2016,111,0,1,0,0,34,0,1,0
0.0857678906459394,1,3298,2017,96,0,0,1,1,41,1,0,1
12.091054649644,1,446,2015,88,0,0,0,0,43,1,0,0
0.490162199573461,1,2297,2018,89,0,0,1,0,39,0,1,0
7.16455844365515,1,472,2016,102,1,1,1,0,34,0,1,1
0.194306659433277,1,2998,2018,127,0,1,1,0,23,0,1,0
2.7603134905496,1,2471,2016,127,0,1,0,0,1,0,0,1
1.9114072604603,1,816,2016,103,0,0,0,0,37,0,0,0
0.319775492022561,1,3273,2015,96,1,0,1,0,34,0,1,1
0.0636264263454126,1,3801,2015,94,0,0,0,1,13,0,0,1
0.324759361432163,1,3036,2017,97,0,1,0,1,36,1,0,0
0.238269912633571,1,3037,2015,87,1,0,0,1,19,1,0,1
0.434776559630475,1,2901,2015,93,0,0,0,1,8,0,1,1
0.901475083679425,1,2407,2018,94,1,1,1,0,23,0,1,0
0.0750444995120982,1,3754,2015,89,0,0,0,1,39,0,0,1
0.256656119811183,1,1203,2017,115,0,1,0,1,17,1,0,1
0.190472925226044,1,3357,2016,110,0,1,0,1,6,0,1,1
0.390760850451915,1,2720,2018,121,1,0,1,0,43,0,1,1
0.160311645839512,1,2256,2018,110,0,1,0,0,11,0,0,0
0.161299402176026,1,3440,2018,110,0,0,0,1,16,1,0,0
0.126277071594301,1,3997,2016,94,0,0,0,1,29,0,0,1
0.259761580431017,1,3103,2015,122,1,1,0,0,50,1,0,1
1.0776621568394,1,1737,2016,87,0,0,1,0,48,1,0,0
0.0140330549451216,1,4410,2018,118,1,0,0,1,24,0,0,1
0.0594440165465987,1,4091,2016,120,1,0,0,0,25,1,0,1
1.72483439709394,1,830,2018,119,0,1,0,0,43,1,0,0
0.179352476579705,1,3576,2016,121,1,1,1,0,43,1,0,1
0.0291832964033309,1,4158,2015,95,0,1,0,1,25,0,0,1
0.0955886232714709,1,3014,2015,97,0,0,1,0,23,1,0,0
0.0785942630117715,1,3150,2018,103,0,0,1,0,1,1,0,1
0.22049175393914,1,3286,2018,118,0,1,0,1,46,1,0,1
0.583951153653899,1,732,2017,100,0,0,0,0,8,0,0,0
1.76974301699412,1,165,2018,101,0,1,0,1,15,1,0,0
0.0198311237032577,1,4148,2017,135,0,0,0,0,36,0,1,1
0.403291503938545,1,2533,2017,91,0,0,0,0,23,0,1,0
0.113017988282069,1,3780,2016,118,1,0,1,0,42,1,0,1
0.0442258214669926,1,4039,2016,123,1,0,1,0,30,1,0,1
1.95473385304596,1,2417,2015,118,0,1,0,0,43,0,0,1
28.0,0,192,2016,60,0,0,0,0,38,0,0,1
0.139443564400616,1,2941,2017,92,0,0,1,0,43,0,1,1
1.71924020518921,1,552,2018,89,1,0,0,1,43,0,0,0
5.27443136358441,1,173,2017,137,0,1,0,1,6,0,0,0
0.144971468890065,1,2924,2015,124,0,1,0,0,52,1,0,1
0.157878068241848,1,3885,2015,127,1,0,0,0,6,1,0,1
0.0122019744014779,1,4291,2015,124,1,0,0,0,24,1,0,1
0.86504666494234,1,2161,2017,91,0,0,0,1,49,1,0,0
0.0259934690889045,1,4051,2017,120,1,0,0,0,46,1,0,1
3.17528162561311,1,153,2016,132,0,1,0,1,11,0,0,0
17.0,0,127,2015,135,0,1,0,1,38,0,0,0
0.290368730539851,1,2681,2016,100,1,0,0,1,17,0,1,1
24.0,0,113,2018,116,0,1,0,0,49,0,0,0
0.505114282106327,1,3022,2016,105,1,0,0,1,42,1,0,1
0.268157623050829,1,2418,2017,95,1,1,1,0,31,0,1,0
0.946240303402491,1,2141,2018,102,1,1,1,0,35,1,0,1
0.0654738723893275,1,4038,2017,141,1,0,1,1,38,0,1,1
0.0958877484319716,1,3266,2015,88,0,0,0,0,24,0,0,1
0.049644860525743,1,3846,2017,118,1,0,0,0,10,1,0,1
0.166083988673072,1,2919,2015,98,0,1,0,1,49,1,0,1
0.246234459527673,1,3279,2016,101,1,0,0,0,33,0,0,0
0.0956697846406179,1,3987,2016,95,1,0,0,1,4,0,0,1
2.61758993226641,1,331,2018,107,0,0,0,1,6,0,1,1
4.16431893043984,1,200,2016,128,0,1,0,1,51,1,0,1
2.24782278504177,1,375,2015,97,0,0,0,1,41,1,0,1
1.60169866694735,1,642,2017,100,0,1,0,0,44,1,0,0
0.226921514655726,1,3146,2017,104,0,0,1,0,12,0,1,1
1.32397872479598,1,2609,2018,117,0,1,0,0,38,0,1,0
0.202625006965235,1,3656,2018,105,0,0,0,1,19,1,0,1
0.109278176121014,1,2835,2016,81,0,1,1,0,29,1,0,1
0.737530570642153,1,1045,2015,106,0,1,0,0,17,1,0,0
7.02694231929763,1,643,2018,112,0,1,0,0,39,1,0,0
42.0,0,240,2018,105,0,1,1,0,37,0,1,0
0.0302981164994089,1,4071,2017,137,1,1,1,0,9,0,1,1
0.35401751466252,1,3031,2017,118,0,1,0,1,33,1,0,0
14.0,0,613,2018,118,0,0,1,0,43,0,1,0
0.132669666593168,1,3492,2016,99,1,0,1,0,9,0,1,0
0.35402415719239,1,2603,2015,107,0,0,0,1,46,1,0,0
0.216773593854729,1,2434,2018,110,0,1,0,1,11,1,0,1
2.60149352816687,1,256,2016,184,0,1,0,0,39,0,0,0
42.3644600144963,1,108,2015,113,0,1,0,0,50,0,1,0
0.0601995204746997,1,3722,2015,120,1,0,1,0,20,0,1,1
0.107452970252612,1,3355,2015,115,0,1,0,1,27,0,1,1
0.965228604742747,1,821,2017,118,0,1,0,0,41,1,0,0
0.209927602267806,1,4090,2018,130,0,0,0,1,51,0,0,1
0.43000654469961,1,3042,2016,95,0,0,0,1,39,1,0,0
0.22889800716817,1,2870,2015,111,0,1,0,0,26,0,0,1
1.39165638519771,1,2034,2016,92,1,0,0,0,41,1,0,0
0.118367723299822,1,3793,2018,143,1,0,1,0,4,1,0,1
0.275249382822071,1,2765,2015,129,0,1,0,0,8,0,0,1
0.12857688023115,1,2762,2016,106,0,1,0,0,22,1,0,1
0.383501313300247,1,2258,2016,98,1,0,1,0,34,0,1,1
0.701225391371422,1,1015,2016,94,0,0,0,1,13,0,1,0
0.802959387117159,1,1956,2017,116,0,1,0,0,23,1,0,0
7.48441382148184,1,1206,2018,85,0,1,0,1,43,0,1,0
0.509310449675289,1,2822,2016,92,0,0,0,1,40,0,0,1
0.671155353672025,1,2173,2018,91,0,1,0,0,12,1,0,0
0.190623642402247,1,3520,2018,94,1,0,1,0,33,0,1,0
0.0217192030659696,1,4311,2015,91,0,0,0,1,28,0,0,1
0.529714044467375,1,3047,2016,109,0,1,0,0,11,0,0,1
8.98950230437221,1,384,2015,112,0,1,0,1,39,1,0,0
0.0644361699810699,1,3875,2016,107,0,0,0,1,47,0,0,1
7.18315424175273,1,246,2016,155,1,1,0,0,32,0,0,0
0.201189027150459,1,3104,2016,98,0,1,1,0,19,0,1,1
0.645307837650873,1,2012,2015,81,0,0,0,0,16,0,0,1
31.0,0,153,2018,96,0,1,1,0,39,0,1,0
1.53227783048703,1,2020,2016,92,1,0,1,0,35,0,1,1
0.354824459469289,1,3103,2018,128,1,0,1,0,50,1,0,1
0.671638132120624,1,2648,2015,107,1,0,0,1,4,0,1,1
0.323511104842185,1,2368,2017,121,0,1,0,0,37,0,1,1
46.0,0,354,2016,104,0,1,0,1,45,1,0,0
1.3352875249525,1,686,2015,104,0,1,0,0,30,0,0,0
24.0,0,128,2017,156,0,0,0,1,30,1,0,1
0.0931635297574562,1,3354,2017,114,0,1,0,0,45,1,0,1
0.136522871676692,1,3179,2016,94,0,0,0,1,12,1,0,1
3.28220173495062,1,531,2017,106,0,1,1,0,23,1,0,0
0.336480548059517,1,2528,2017,99,0,1,0,1,40,0,0,1
8.3767898830846,1,121,2016,122,0,1,1,0,7,0,0,0
0.113503706179766,1,3416,2016,92,0,0,0,1,20,0,1,1
0.268270279086937,1,2538,2016,96,0,1,1,0,30,1,0,1
0.105032914689641,1,3019,2018,111,0,0,0,1,39,1,0,1
0.420828839232021,1,2264,2016,87,0,1,0,1,31,0,0,0
0.848095855185937,1,3415,2015,103,1,0,1,0,35,0,1,0
0.94703606123914,1,465,2016,114,0,0,0,1,35,1,0,1
7.50515748438955,1,127,2016,116,0,1,1,0,49,0,1,0
0.119044940536457,1,3232,2016,129,1,0,1,1,23,1,0,1
16.0,0,106,2016,122,0,0,0,0,43,0,1,0
0.152936230332974,1,3210,2016,105,0,0,0,1,49,0,1,1
14.0,0,121,2017,135,0,1,0,0,2,0,0,0
0.469800297289628,1,2577,2017,134,1,1,0,0,42,1,0,1
0.998797447872761,1,1818,2018,122,0,1,1,0,35,1,0,0
0.181501049983574,1,3168,2016,99,0,1,1,0,42,1,0,1
0.892212678520604,1,2202,2015,107,0,1,0,1,44,0,1,1
3.06794607651593,1,399,2016,108,0,1,1,0,19,0,1,0
0.206823093866661,1,2006,2018,112,0,0,0,1,18,1,0,1
0.263518637882702,1,2859,2018,110,1,0,0,0,45,0,1,1
0.0968075296896593,1,3708,2018,111,1,0,0,0,12,1,0,1
0.192932161772074,1,3515,2015,111,0,0,0,1,41,0,0,1
0.158023642549256,1,3031,2015,109,0,1,0,1,30,1,0,1
0.302833919821691,1,1656,2015,88,0,0,0,0,43,0,1,1
0.243512106934933,1,3478,2016,116,0,1,1,0,51,1,0,1
35.0,0,303,2017,109,0,1,0,0,33,0,1,0
0.137104229788883,1,3633,2015,94,1,0,0,1,16,0,0,1
0.603534903932332,1,1473,2018,108,0,1,0,0,12,1,0,1
0.214883612588913,1,2980,2018,101,1,1,1,0,36,0,1,0
0.175120307651356,1,3725,2018,95,0,0,0,1,6,0,0,1
1.50064339117909,1,1633,2017,87,0,0,1,0,16,1,0,0
0.0424306409648999,1,4276,2017,129,1,0,0,0,21,1,0,1
0.0357018601918725,1,3560,2015,115,0,0,0,1,20,1,0,1
0.0941163183578585,1,3468,2017,93,0,0,0,1,51,1,0,1
0.109763339264212,1,3723,2015,105,1,0,0,1,30,1,0,1
0.241359277524793,1,2910,2015,114,1,0,1,0,52,1,0,1
0.106982398827815,1,3242,2015,93,0,0,1,0,21,1,0,1
0.562876071575321,1,2313,2016,87,0,0,0,1,22,0,1,1
0.0670189899648445,1,3693,2017,124,1,0,0,0,12,1,0,1
32.0,0,112,2016,157,0,1,0,1,40,0,0,0
8.13004304735209,1,303,2016,97,0,1,1,0,41,1,0,0
0.315331579038649,1,2900,2015,106,0,1,1,0,5,1,0,1
0.31352729176693,1,2125,2018,89,1,1,1,0,2,0,1,1
0.420444005687767,1,2387,2016,134,0,1,0,0,7,1,0,0
0.0545243189367322,1,4017,2018,112,0,0,0,1,47,0,0,1
0.0866301820767178,1,4115,2018,107,1,0,0,0,15,1,0,1
0.0837081014793314,1,4234,2018,140,1,0,0,0,13,1,0,1
0.16630829999822,1,3064,2018,140,1,1,1,0,9,0,1,1
0.441932500113798,1,2064,2015,101,0,1,0,1,32,1,0,1
0.0839959917112755,1,3192,2016,102,1,0,0,1,2,1,0,1
0.177562493119453,1,2931,2017,102,0,1,0,0,5,1,0,1
0.248902960202906,1,2915,2016,107,1,1,0,0,7,1,0,1
0.31652390910826,1,2939,2018,116,1,1,1,0,47,1,0,1
1.78188200459548,1,2012,2015,106,0,0,0,1,43,0,1,0
0.0140658066513655,1,4157,2016,133,1,0,0,0,50,1,0,1
6.18667519493309,1,1648,2017,122,0,1,1,0,47,1,0,1
0.296547856744848,1,3162,2017,101,0,0,1,1,24,0,1,1
0.259285399068751,1,3171,2015,114,1,0,1,0,11,0,1,1
0.738363211200675,1,1362,2017,119,0,1,0,0,42,1,0,0
1.49764624050996,1,1249,2018,110,1,1,0,0,7,1,0,0
0.0551023448913073,1,3812,2015,114,1,0,1,0,22,1,0,1
1.20648569153245,1,359,2018,155,0,1,0,1,26,0,0,1
0.0740158756651714,1,3103,2016,89,0,0,0,1,32,0,1,1
7.25070093946545,1,1207,2018,102,0,1,1,0,35,1,0,1
0.403137051278227,1,2607,2018,103,0,1,0,1,51,1,0,0
0.428918362252439,1,2392,2015,111,0,1,1,0,47,1,0,0
0.509397103058675,1,2353,2015,117,1,0,1,0,28,1,0,0
2.58558288317129,1,1633,2018,84,0,0,0,0,15,0,0,0
1.20560447490375,1,2360,2015,85,0,0,0,1,32,0,0,1
0.356910992465966,1,3662,2018,86,0,0,0,1,12,0,0,1
2.8483893216184,1,487,2016,120,1,1,0,0,30,0,0,0
0.707224081828655,1,3212,2018,92,0,0,0,1,20,0,0,0
0.700797858361745,1,2058,2016,91,0,1,1,0,45,1,0,0
0.133635724250167,1,3055,2018,122,1,1,1,0,26,0,1,1
0.0908250777122071,1,4029,2016,108,0,0,0,1,51,0,0,1
0.214078807118634,1,2799,2015,97,0,0,1,0,34,0,1,0
0.201522908620445,1,2962,2015,118,0,0,0,1,51,0,1,1
0.108127921819187,1,3822,2018,102,1,0,1,0,28,1,0,1
0.33167495854063,1,1803,2017,95,1,0,1,0,2,0,1,0
0.206318802162551,1,2358,2018,93,0,0,1,0,32,1,0,1
0.155442645472166,1,4131,2018,96,0,0,0,1,39,0,0,1
0.24388340422211,1,3610,2017,90,0,0,0,1,14,0,0,1
0.199533809208166,1,3511,2017,90,1,0,0,1,19,0,1,1
0.328227319738377,1,2443,2016,134,0,1,1,0,37,0,1,0
0.0282684513482285,1,4381,2018,135,1,0,0,0,21,1,0,1
6.04768048794792,1,805,2018,112,0,0,0,1,28,0,1,0
0.161210653315845,1,2772,2015,124,1,1,0,0,30,0,1,0
0.980068349966727,1,897,2016,84,0,1,0,0,34,1,0,0
2.2198771386883,1,440,2015,114,0,1,0,0,23,1,0,1
0.0364503497575086,1,3929,2015,148,1,0,1,0,45,1,0,1
0.0196924116197674,1,4348,2017,133,1,0,0,0,27,1,0,1
0.097078330563365,1,3715,2015,120,1,0,0,1,23,0,1,1
0.0449349806557155,1,3928,2016,122,1,0,1,0,29,1,0,1
26.3182719398936,1,185,2017,84,0,0,0,0,31,0,0,0
21.0,0,129,2015,129,0,1,0,0,39,0,1,0
0.173424047984353,1,3922,2016,87,0,0,0,1,38,0,0,1
0.041451352795987,1,3025,2015,147,0,1,0,0,33,0,1,1
0.766243010905937,1,3020,2015,99,0,0,0,1,4,0,0,1
1.68501273496838,1,645,2017,119,0,1,0,0,39,0,1,0
0.916022702706664,1,2046,2017,105,0,1,1,1,43,0,1,1
0.015409923694989,1,4255,2016,123,1,0,0,0,31,1,0,1
0.0822321962566753,1,3525,2016,96,0,1,0,0,36,1,0,1
1.97628592677188,1,283,2016,170,1,1,0,0,27,0,0,0
0.125856532363063,1,2125,2018,99,0,0,0,1,16,0,1,1
0.83143903805829,1,2220,2018,116,1,0,1,0,24,0,1,1
9.03958792924037,1,309,2018,152,0,0,1,0,44,0,1,0
8.70886392770785,1,636,2016,97,0,1,0,1,26,0,1,0
1.70055376573828,1,868,2017,87,0,1,0,1,9,1,0,0
0.184212475089868,1,3382,2018,100,1,0,0,1,24,0,1,1
3.57335341627201,1,182,2015,98,0,0,0,1,39,0,0,0
0.0752665187428685,1,3448,2015,115,0,0,0,1,26,0,1,1
0.111977016941227,1,3783,2015,126,1,0,1,0,27,1,0,1
0.661811178652619,1,2083,2017,109,0,1,0,0,43,0,1,1
0.267639518473684,1,3042,2018,94,0,1,1,0,6,1,0,1
0.54402997822792,1,2452,2015,127,0,1,0,0,46,1,0,1
0.286613515145661,1,2908,2016,112,1,0,1,0,3,1,0,1
0.110225388875172,1,3332,2016,128,1,1,1,0,41,0,1,1
0.201528797457513,1,2991,2015,112,0,1,0,0,17,1,0,1
0.0923192421550339,1,3932,2016,97,1,0,0,1,20,0,0,1
6.07074927161783,1,151,2016,106,0,0,0,0,37,0,0,0
7.64590746148816,1,674,2017,93,0,1,1,0,26,0,1,0
0.141146408063864,1,3392,2016,117,0,0,0,0,26,0,0,1
7.58092339417252,1,1585,2015,130,0,1,0,1,52,0,1,1
0.381699931179502,1,2105,2016,120,0,1,0,0,40,0,1,0
1.93130232646042,1,650,2017,105,0,1,1,0,25,1,0,0
0.123468603477493,1,3495,2016,99,0,0,0,1,14,0,1,1
0.0640157816826267,1,3829,2017,97,0,0,0,1,13,0,0,1
0.26209557996772,1,2671,2016,97,0,0,1,0,3,1,0,0
0.174672794188287,1,2615,2015,91,0,0,1,0,4,0,1,1
0.82914545781681,1,2235,2016,83,1,0,1,1,10,0,1,1
0.184191336486812,1,2220,2017,96,0,1,1,0,2,1,0,0
0.648705734753307,1,1386,2017,112,0,1,0,0,14,0,0,0
0.401086784751964,1,2631,2016,111,0,1,0,0,5,1,0,1
0.313807597030878,1,3163,2017,110,0,1,1,0,17,1,0,0
0.221753091238092,1,2892,2018,104,1,0,1,0,2,1,0,1
0.129459289972757,1,3451,2017,95,1,0,0,0,31,1,0,1
0.429105358238608,1,3127,2018,104,1,1,1,0,31,1,0,1
0.468791605254966,1,1769,2016,92,0,0,1,0,19,1,0,0
8.31779812610592,1,505,2017,120,0,1,1,0,20,0,1,0
1.88915570963514,1,1554,2016,91,0,1,1,0,36,0,1,0
2.29919356443195,1,840,2017,104,0,1,0,1,49,0,1,0
0.233250840286152,1,2622,2015,101,0,0,0,1,8,1,0,0
0.58630497122122,1,1945,2016,104,0,1,0,1,46,0,1,0
0.0997484642975808,1,4075,2017,86,0,0,0,1,30,0,0,1
0.0747616039354508,1,3388,2018,121,1,0,1,0,29,0,1,1
0.0218842252267561,1,4329,2017,136,1,0,1,0,15,1,0,1
0.299842252990702,1,3143,2016,117,1,1,1,0,4,1,0,1
0.107458997676199,1,3038,2018,97,1,0,1,0,27,0,1,1
0.209666154871583,1,2515,2017,113,1,0,1,0,41,0,1,0
0.201095689976405,1,2509,2016,93,0,0,1,0,1,1,0,0
0.221869548249194,1,2720,2015,81,0,0,1,0,28,0,1,1
0.242641178343207,1,2503,2015,108,0,1,1,0,32,0,1,0
0.10797206330834,1,3241,2016,112,0,1,1,0,40,0,1,1
0.605815342637042,1,1461,2017,127,0,1,0,0,32,1,0,1
0.10245190984191,1,3749,2015,93,0,1,0,1,48,0,0,1
0.169945192675362,1,3328,2017,72,0,0,0,0,38,0,0,1
0.407984917613566,1,3316,2017,105,0,1,0,0,51,0,0,1
0.56513586431314,1,2816,2015,115,1,0,1,0,12,0,1,0
0.254214947381319,1,3256,2018,91,1,0,1,1,34,0,1,0
7.5514913227426,1,248,2018,133,0,1,0,0,42,1,0,1
0.521336477339849,1,2474,2015,168,0,1,1,0,53,0,1,0
0.298238069135163,1,3134,2017,88,0,0,0,1,26,0,1,1
18.0,0,140,2018,152,0,1,1,0,42,0,1,0
0.128322592732322,1,3592,2018,105,0,0,0,1,38,0,0,1
1.04265882575871,1,2402,2018,103,1,0,1,0,10,1,0,0
1.32831655753692,1,1601,2016,127,0,1,1,0,28,0,1,0
0.160668586977618,1,3320,2015,121,0,1,0,1,39,1,0,1
0.0312370015027497,1,4028,2016,106,0,1,0,0,15,0,0,1
0.26518994760377,1,3082,2015,106,1,0,0,0,43,1,0,1
0.264077858603208,1,2666,2015,83,0,0,1,0,9,1,0,1
0.0711671794617783,1,3591,2016,110,1,1,0,0,26,1,0,1
0.0689975987455684,1,4088,2017,104,1,0,0,1,6,0,0,1
0.172709931080102,1,4047,2017,101,1,0,0,1,38,0,0,1
6.24098932979299,1,886,2015,98,0,1,0,0,38,0,0,0
0.712399890005457,1,1500,2016,133,0,1,0,0,35,1,0,1
14.0,0,477,2018,111,0,1,0,0,38,0,1,0
0.181349278529098,1,3371,2015,123,0,1,0,0,15,1,0,1
0.0789389655759012,1,3674,2016,132,1,0,0,0,38,1,0,1
0.208158913510388,1,3673,2015,116,1,0,0,1,33,1,0,1
0.0551095326761228,1,3854,2015,144,0,1,0,0,40,1,0,1
14.0,0,482,2016,105,1,1,0,0,3,1,0,0
0.0602263970491475,1,4118,2018,113,1,0,1,0,32,1,0,1
0.7137213646067,1,1707,2018,101,0,1,0,0,14,0,0,0
0.283545486792309,1,3259,2017,112,1,1,1,0,40,1,0,1
0.170979773947641,1,2656,2018,116,0,1,1,0,50,0,1,1
0.0830868078505401,1,4035,2017,110,1,0,1,0,23,1,0,1
7.89571398508196,1,783,2016,117,0,0,1,0,25,0,1,0
0.256739936821436,1,2865,2016,116,1,0,1,1,20,0,1,1
0.280785379168364,1,2960,2015,101,0,0,0,1,47,0,1,1
0.0452853983165515,1,3876,2018,96,0,0,1,0,36,0,1,1
21.0,0,300,2018,93,0,0,1,1,42,0,1,0
2.36676830273758,1,585,2016,96,0,0,0,0,9,0,1,1
0.0828126899516076,1,3902,2015,88,0,0,0,1,45,0,0,1
0.100894072826351,1,2230,2015,100,0,0,1,0,37,1,0,1
0.643475384814367,1,925,2016,96,0,0,0,1,10,0,1,1
0.389046928396691,1,2298,2018,86,0,0,1,0,48,0,1,1
0.0970585531927945,1,4070,2018,107,1,0,0,0,37,0,1,1
0.693504841704052,1,2251,2017,114,0,1,1,0,36,0,0,0
0.0689020323343457,1,2821,2016,108,1,0,1,0,26,0,1,1
0.0259452099434498,1,4381,2016,87,0,0,0,1,27,0,0,1
16.6079422017885,1,281,2017,108,0,1,0,0,10,1,0,0
0.183054063003913,1,2888,2017,132,0,1,0,0,9,1,0,1
0.145328896732774,1,2962,2016,86,1,1,1,0,25,1,0,1
0.746653127356624,1,1815,2017,119,0,1,1,0,42,0,1,1
0.717553143779711,1,2812,2017,120,0,1,0,0,5,1,0,0
0.199548382101628,1,3111,2018,117,1,0,0,1,31,0,1,1
0.360933301330581,1,2837,2017,86,0,0,0,1,46,0,0,1
0.250569795715457,1,2464,2018,85,0,0,0,0,10,0,1,0
8.03423596309783,1,640,2017,92,0,1,0,0,40,0,0,0
0.410136944725844,1,3434,2015,96,1,0,1,0,36,1,0,0
4.56927033396357,1,427,2015,91,0,0,1,0,30,1,0,1
0.108611714207824,1,3148,2015,94,0,0,1,0,37,1,0,1
3.26656831754721,1,2509,2015,123,1,1,0,0,41,0,0,1
4.06966073041798,1,540,2017,88,1,1,1,0,20,0,1,0
0.143078157731364,1,3003,2015,101,0,0,0,1,3,0,1,1
1.16326557182722,1,2493,2016,91,0,0,0,1,36,0,0,1
0.7204543473296,1,1769,2016,111,0,1,0,0,10,1,0,0
0.42965458778724,1,1122,2018,99,0,0,0,0,5,0,1,1
0.0215188263046821,1,4080,2017,130,1,0,0,1,44,1,0,1
8.51389881037949,1,590,2017,115,0,1,0,1,48,0,1,0
1.74558218206774,1,562,2017,101,0,0,1,0,39,1,0,0
0.111304471712803,1,3854,2018,119,1,0,1,0,11,1,0,1
0.102858700431749,1,3972,2015,130,1,0,0,0,21,0,0,1
0.711838515161804,1,1046,2018,96,0,0,1,0,16,0,1,1
0.0931233959495048,1,3171,2015,125,0,1,0,1,29,0,1,1
0.466190903310142,1,2205,2016,115,1,0,1,0,8,0,1,0
0.0808192093683041,1,4066,2016,92,0,0,0,1,44,0,0,1
1.41610886298346,1,856,2015,99,0,1,0,0,16,0,1,0
2.55757859134739,1,772,2017,105,0,1,0,0,35,0,1,0
0.860881542699725,1,1356,2018,95,0,1,0,1,18,0,1,0
1.21359324166736,1,1620,2018,98,0,1,0,0,37,1,0,0
0.163210280942017,1,2742,2018,103,0,0,0,1,26,1,0,1
0.554633323590275,1,2777,2015,91,0,1,0,1,10,0,1,1
0.597339450089302,1,2417,2017,100,0,1,1,0,16,0,1,1
0.713740212837331,1,1547,2018,92,0,0,1,0,29,0,1,0
0.736990279098219,1,2023,2018,98,0,1,1,0,12,0,1,0
0.597250259803863,1,1458,2018,100,1,0,1,0,22,0,1,0
0.261695772906689,1,3430,2015,99,0,0,0,1,31,0,1,1
0.153959444311098,1,3553,2017,136,1,0,0,0,29,1,0,0
0.0307658891203509,1,4250,2018,112,1,0,0,0,40,1,0,1
1.78746954030558,1,2797,2015,110,0,1,1,0,48,1,0,1
25.0,0,325,2018,114,0,1,0,0,51,0,1,0
0.180161060384763,1,3258,2016,114,0,1,0,1,33,0,1,1
0.0452250877491071,1,4100,2017,140,1,1,1,0,28,1,0,1
0.246985541466403,1,1526,2015,120,0,1,0,0,35,0,0,1
0.0934426612469923,1,3406,2016,123,1,0,0,0,23,1,0,1
1.45092441478089,1,2333,2015,96,0,1,0,0,35,0,1,1
1.11984581896202,1,1911,2018,116,0,1,0,1,51,1,0,1
0.191048280001888,1,2246,2016,107,0,1,1,0,36,1,0,1
0.412319955337502,1,2413,2016,112,0,1,0,1,9,0,1,1
0.288264686941667,1,2504,2018,111,0,1,0,0,37,0,1,1
2.23248857715083,1,451,2018,120,0,0,0,0,27,0,1,0
0.256357407344742,1,3008,2016,111,0,0,0,1,51,0,1,1
0.237839730270719,1,2803,2018,129,0,1,1,0,46,0,1,1
21.0,0,311,2017,94,0,1,0,1,12,0,1,0
0.276081029782241,1,2480,2018,99,0,1,1,0,5,1,0,0
3.36547687161657,1,1504,2015,109,0,1,0,0,15,1,0,0
0.103366737328168,1,3172,2017,113,0,1,0,0,46,0,0,1
0.0261456678693848,1,4165,2017,141,1,0,0,0,22,1,0,1
0.672747858811752,1,1553,2015,123,0,1,0,0,42,0,0,0
0.0380196463480932,1,4153,2016,144,1,0,0,0,21,1,0,1
0.140761981202363,1,3651,2017,107,1,0,1,0,3,1,0,1
1.7904733545676,1,369,2018,85,0,1,0,0,35,1,0,1
0.23967004146052,1,3418,2016,101,1,0,0,1,6,1,0,1
0.0512820302432696,1,3827,2016,108,0,0,0,1,9,0,0,1
